incorrect,correct
amenalism,amensalism
amensalism,amensalism
amenslism,amensalism
ammenalism,amensalism
brood,brood parasitism
brood parasitsm,brood parasitism
brood-parasitism,brood parasitism
call mimicking,commensalism-call mimicry
call mimickry,commensalism-call mimicry
call mimicry,commensalism-call mimicry
comensalism,commensalism
comeptition,competition
commenalism,commensalism
commensalism -call mimicry,commensalism-call mimicry
commensalism-chick adoptio,commensalism-chick adoption
commenslism - call mimicry,commensalism-call mimicry
commesalism,commensalism
commesalism-call mimicry,commensalism-call mimicry
competion,competition
competition - nest site,competition-nest site
competiton,competition
courting,courtship
faciliation - comigration,facilitation-comigration
faciliation - mixed flocking,facilitation-mixed flocking
faciliation-feeding,facilitation-feeding
facilitaion-comigration,facilitation-comigration
facilitation - feeding,facilitation-feeding
facilitation-comigrate,facilitation-comigration
facilitation-comigratio,facilitation-comigration
facilitation-mixed flock,facilitation-mixed flocking
facillitation,facilitation
faciltation-feeding,facilitation-feeding
faciltation-mixed flock,facilitation-mixed flocking
faciltation-mixed flocking,facilitation-mixed flocking
faciltiation,facilitation
faciltiation-feeding,facilitation-feeding
faciltiation-mixed flock,facilitation-mixed flocking
faciltiation-mixed flocking,facilitation-mixed flocking
hybrization,hybridization
kleptoparasitism of nest material,kleptoparasitism-nest material
kleptoparasitsim,kleptoparasitism
kleptoparasitsm,kleptoparasitism
kleptoparisitism,kleptoparasitism
mixed flock,facilitation-mixed flocking
parasitism,brood parasitism
predation-scavenger,predation-scavenging
